,mrp,ram_space,storage_space,os,storage_type,ram_type,cpu,display_size,touch_screen,warranty
0,36990.0,8 GB,256 GB,WIN,SSD,DDR4,INTEL CORE I3,14.0,NO,2 Y
1,39990.0,8 GB,512 GB,WIN,SSD,DDR4,INTEL CORE I3,15.6,NO,2 Y
2,32990.0,8 GB,512 GB,WIN,SSD,DDR4,INTEL CORE I3,15.6,NO,1 Y
3,49990.0,8 GB,512 GB,WIN,SSD,DDR4,RYZEN 5 HEXA CORE,15.6,NO,1 Y
4,49990.0,8 GB,512 GB,WIN,SSD,DDR4,INTEL CORE I5,15.6,NO,1 Y
5,36990.0,8 GB,256 GB,WIN,SSD,DDR4,INTEL CORE I3,14.0,NO,1 Y
6,38990.0,8 GB,1 TB,WIN,SSD,DDR4,INTEL CORE I3,15.6,NO,1 Y
7,39990.0,8 GB,512 GB,WIN,SSD,DDR4,INTEL CORE I5,15.6,NO,1 Y
8,46990.0,8 GB,256 GB,WIN,SSD,DDR4,INTEL CORE I3,14.0,NO,1 Y
9,44990.0,16 GB,512 GB,WIN,SSD,DDR4,RYZEN 7 QUAD CORE,14.0,NO,1 Y
10,59990.0,8 GB,512 GB,WIN,SSD,DDR4,RYZEN 5 HEXA CORE,15.6,NO,1 Y
11,38705.0,8 GB,512 GB,WIN,SSD,DDR4,RYZEN 5 QUAD CORE,15.6,NO,2 Y
12,32990.0,8 GB,256 GB,WIN,SSD,DDR4,INTEL CORE I3,15.6,NO,1 Y
13,52990.0,8 GB,512 GB,WIN,SSD,DDR4,RYZEN 5 HEXA CORE,17.3,NO,1 Y
14,29990.0,8 GB,256 GB,WIN,SSD,DDR4,INTEL CORE I3,15.6,NO,1 Y
15,196990.0,16 GB,1 TB,WIN,SSD,DDR5,RYZEN 9 OCTA CORE,15.6,NO,1 Y
16,47990.0,8 GB,1 TB,WIN,SSD,DDR4,INTEL CORE I5,15.6,NO,1 Y
17,45990.0,8 GB,512 GB,WIN,SSD,DDR4,INTEL CORE I5,15.6,NO,1 Y
18,47990.0,8 GB,512 GB,WIN,SSD,DDR4,RYZEN 5 HEXA CORE,15.6,NO,1 Y
19,85990.0,16 GB,1 TB,WIN,SSD,DDR4,RYZEN 7 OCTA CORE,15.6,NO,1 Y
20,88990.0,8 GB,256 GB,MAC OS,SSD,DDR4,APPLE M1,13.3,NO,1 Y
21,40990.0,8 GB,512 GB,WIN,SSD,DDR4,INTEL CORE I3,14.0,NO,1 Y
22,19490.0,4 GB,256 GB,DOS,SSD,DDR4,INTEL CELERON DUAL CORE,15.6,NO,1 Y
23,35590.0,8 GB,512 GB,WIN,SSD,DDR4,RYZEN 3 DUAL CORE,15.6,NO,2 Y
24,65990.0,8 GB,512 GB,WIN,SSD,DDR4,INTEL CORE I5,15.6,NO,1 Y
25,39990.0,8 GB,512 GB,WIN,SSD,DDR4,INTEL CORE I5,15.6,NO,1 Y
26,39990.0,8 GB,512 GB,WIN,SSD,DDR4,INTEL CORE I3,15.6,NO,2 Y
27,196990.0,16 GB,1 TB,WIN,SSD,DDR5,RYZEN 9 OCTA CORE,15.6,NO,1 Y
28,58990.0,16 GB,512 GB,WIN,SSD,DDR4,INTEL CORE I5,15.6,NO,1 Y
29,46990.0,8 GB,256 GB,WIN,SSD,DDR4,INTEL CORE I3,14.0,NO,1 Y
30,38705.0,8 GB,512 GB,WIN,SSD,DDR4,RYZEN 5 QUAD CORE,15.6,NO,2 Y
31,85990.0,16 GB,1 TB,WIN,SSD,DDR4,RYZEN 7 OCTA CORE,15.6,NO,1 Y
32,24990.0,8 GB,256 GB,WIN,SSD,DDR4,RYZEN 3 DUAL CORE,15.6,NO,1 Y
33,47990.0,8 GB,512 GB,WIN,SSD,DDR4,RYZEN 5 HEXA CORE,15.6,NO,1 Y
34,73990.0,8 GB,512 GB,WIN,SSD,DDR4,RYZEN 7 OCTA CORE,17.3,NO,1 Y
35,53490.0,8 GB,512 GB,WIN,SSD,DDR4,INTEL CORE I5,15.6,NO,2 Y
36,35590.0,8 GB,512 GB,WIN,SSD,DDR4,RYZEN 3 DUAL CORE,15.6,NO,2 Y
37,150990.0,16 GB,1 TB,WIN,SSD,DDR4,RYZEN 9 OCTA CORE,15.6,NO,1 Y
38,51990.0,8 GB,512 GB,WIN,SSD,DDR4,INTEL CORE I5,15.6,NO,1 Y
39,66990.0,16 GB,512 GB,WIN,SSD,DDR4,INTEL CORE I5,14.0,YES,1 Y
40,36990.0,8 GB,256 GB,WIN,SSD,DDR4,INTEL CORE I3,14.0,NO,2 Y
41,194990.0,16 GB,1 TB,WIN,SSD,DDR5,RYZEN 9 OCTA CORE,15.6,NO,1 Y
42,51990.0,16 GB,512 GB,WIN,SSD,DDR4,RYZEN 5 HEXA CORE,15.6,NO,1 Y
43,25990.0,8 GB,256 GB,WIN,SSD,DDR4,AMD ATHLON DUAL CORE,14.0,NO,1 Y
44,35990.0,8 GB,512 GB,WIN,SSD,DDR4,RYZEN 5 QUAD CORE,15.6,NO,1 Y
45,43990.0,8 GB,512 GB,WIN,SSD,DDR4,INTEL CORE I5,15.6,NO,1 Y
46,44990.0,8 GB,512 GB,WIN,SSD,DDR4,RYZEN 5 HEXA CORE,15.6,NO,2 Y
47,64490.0,8 GB,512 GB,WIN,SSD,DDR4,RYZEN 5 HEXA CORE,15.6,NO,1 Y
48,40990.0,8 GB,256 GB,WIN,SSD,DDR4,INTEL CORE I3,15.6,NO,1 Y
49,38990.0,8 GB,512 GB,WIN,SSD,DDR4,INTEL CORE I3,14.0,NO,1 Y
50,36990.0,8 GB,256 GB,WIN,SSD,DDR4,INTEL CORE I3,14.0,NO,2 Y
51,39990.0,8 GB,512 GB,WIN,SSD,DDR4,INTEL CORE I5,15.6,NO,1 Y
52,58990.0,8 GB,512 GB,WIN,SSD,DDR4,INTEL CORE I5,15.6,NO,1 Y
53,59990.0,8 GB,512 GB,WIN,SSD,DDR4,INTEL CORE I5,14.0,NO,1 Y
54,47990.0,8 GB,512 GB,WIN,SSD,DDR4,INTEL CORE I5,15.6,NO,1 Y
55,37499.0,8 GB,512 GB,WIN,SSD,DDR4,RYZEN 3 QUAD CORE,15.6,NO,1 Y
56,196990.0,16 GB,1 TB,WIN,SSD,DDR5,RYZEN 9 OCTA CORE,15.6,NO,1 Y
57,38705.0,8 GB,512 GB,WIN,SSD,DDR4,RYZEN 5 QUAD CORE,15.6,NO,2 Y
58,94990.0,8 GB,1 TB,WIN,SSD,DDR4,RYZEN 9 OCTA CORE,14.0,NO,1 Y
59,32990.0,8 GB,512 GB,WIN,SSD,DDR4,INTEL CORE I3,15.6,NO,1 Y
60,85990.0,16 GB,1 TB,WIN,SSD,DDR4,RYZEN 7 OCTA CORE,15.6,NO,1 Y
61,35590.0,8 GB,512 GB,WIN,SSD,DDR4,RYZEN 3 DUAL CORE,15.6,NO,2 Y
62,23990.0,4 GB,256 GB,WIN,SSD,DDR4,INTEL CELERON DUAL CORE,14.0,NO,1 Y
63,48990.0,16 GB,512 GB,WIN,SSD,DDR4,RYZEN 5 HEXA CORE,14.0,NO,1 Y
64,139990.0,8 GB,512 GB,MAC OS,SSD,UNIFIED,APPLE M2,13.3,NO,1 Y
65,89990.0,16 GB,512 GB,WIN,SSD,DDR4,RYZEN 7 OCTA CORE,15.6,NO,1 Y
66,150990.0,16 GB,1 TB,WIN,SSD,DDR4,RYZEN 9 OCTA CORE,15.6,NO,1 Y
67,39990.0,8 GB,512 GB,WIN,SSD,DDR4,INTEL CORE I3,15.6,NO,2 Y
68,59990.0,8 GB,1 TB,WIN,SSD,DDR4,RYZEN 5 HEXA CORE,15.6,NO,1 Y
69,70990.0,16 GB,512 GB,WIN,SSD,DDR4,RYZEN 5 HEXA CORE,15.6,NO,1 Y
70,194990.0,16 GB,1 TB,WIN,SSD,DDR5,RYZEN 9 OCTA CORE,15.6,NO,1 Y
71,44990.0,8 GB,512 GB,WIN,SSD,DDR4,RYZEN 5 HEXA CORE,15.6,NO,2 Y
72,22990.0,8 GB,256 GB,WIN,SSD,DDR4,INTEL CELERON QUAD CORE,14.0,NO,1 Y
73,46990.0,8 GB,512 GB,WIN,SSD,DDR4,RYZEN 5 HEXA CORE,15.6,NO,1 Y
74,50990.0,8 GB,1 TB,WIN,SSD,DDR4,INTEL CORE I5,15.6,NO,1 Y
75,28990.0,8 GB,256 GB,WIN,SSD,DDR4,INTEL CORE I3,14.0,NO,1 Y
76,39990.0,8 GB,512 GB,WIN,SSD,DDR4,INTEL CORE I5,15.6,NO,1 Y
77,38705.0,8 GB,512 GB,WIN,SSD,DDR4,RYZEN 5 QUAD CORE,15.6,NO,2 Y
78,84990.0,16 GB,512 GB,WIN,SSD,DDR4,INTEL CORE I7,15.6,NO,2 Y
79,181990.0,16 GB,512 GB,MAC OS,SSD,UNIFIED,APPLE M1 PRO,14.2,NO,1 Y
80,196990.0,16 GB,1 TB,WIN,SSD,DDR5,RYZEN 9 OCTA CORE,15.6,NO,1 Y
81,85990.0,16 GB,1 TB,WIN,SSD,DDR4,RYZEN 7 OCTA CORE,15.6,NO,1 Y
82,109990.0,16 GB,1 TB,WIN,SSD,DDR4,RYZEN 9 OCTA CORE,15.6,NO,1 Y
83,32990.0,4 GB,128 GB,WIN,EMMC,DDR4,QUALCOMM SNAPDRAGON 7C GEN 2,14.0,NO,1 Y
84,37990.0,16 GB,512 GB,WIN,SSD,DDR4,INTEL CORE I5,14.0,NO,1 Y
85,139990.0,8 GB,512 GB,MAC OS,SSD,UNIFIED,APPLE M2,13.6,NO,1 Y
86,35590.0,8 GB,512 GB,WIN,SSD,DDR4,RYZEN 3 DUAL CORE,15.6,NO,2 Y
87,150990.0,16 GB,1 TB,WIN,SSD,DDR4,RYZEN 9 OCTA CORE,15.6,NO,1 Y
88,29990.0,4 GB,256 GB,WIN,SSD,DDR4,INTEL CORE I3,15.6,NO,1 Y
89,19490.0,4 GB,64 GB,CHROME OS,EMMC,DDR4,INTEL CELERON DUAL CORE,14.0,NO,1 Y
90,36990.0,8 GB,256 GB,WIN,SSD,DDR4,INTEL CORE I3,14.0,NO,2 Y
91,73490.0,8 GB,512 GB,WIN,SSD,DDR4,RYZEN 7 OCTA CORE,15.6,NO,1 Y
92,52990.0,8 GB,1 TB,WIN,SSD,DDR4,RYZEN 5 HEXA CORE,15.6,NO,1 Y
93,41890.0,8 GB,512 GB,WIN,SSD,DDR4,INTEL CORE I3,15.6,NO,1 Y
94,30428.0,8 GB,256 GB,WIN,SSD,DDR4,INTEL PENTIUM SILVER,15.6,NO,1 Y
95,34990.0,8 GB,512 GB,WIN,SSD,DDR4,INTEL CORE I3,15.6,NO,1 Y
96,19490.0,4 GB,64 GB,CHROME OS,EMMC,DDR4,INTEL CELERON DUAL CORE,14.0,NO,1 Y
97,29990.0,4 GB,256 GB,WIN,SSD,DDR4,INTEL CORE I3,15.6,NO,1 Y
98,88990.0,8 GB,256 GB,MAC OS,SSD,DDR4,APPLE M1,13.3,NO,1 Y
99,36990.0,8 GB,256 GB,WIN,SSD,DDR4,INTEL CORE I3,14.0,NO,2 Y
100,65990.0,8 GB,512 GB,WIN,SSD,DDR4,INTEL CORE I7,15.6,NO,2 Y
101,33490.0,8 GB,512 GB,WIN,SSD,DDR4,INTEL CORE I3,15.6,NO,1 Y
102,60990.0,16 GB,512 GB,WIN,SSD,DDR4,INTEL CORE I5,14.0,NO,1 Y
103,39990.0,8 GB,512 GB,WIN,SSD,DDR4,INTEL CORE I3,15.6,NO,2 Y
104,46990.0,8 GB,512 GB,WIN,SSD,DDR4,RYZEN 5 HEXA CORE,15.6,NO,1 Y
105,59990.0,16 GB,512 GB,WIN,SSD,DDR4,RYZEN 7 OCTA CORE,15.6,NO,1 Y
106,114990.0,16 GB,1 TB,WIN,SSD,DDR4,INTEL CORE I7,15.6,NO,2 Y
107,39990.0,8 GB,512 GB,WIN,SSD,DDR4,INTEL CORE I5,15.6,NO,1 Y
108,119990.0,16 GB,1 TB,WIN,SSD,DDR4,INTEL CORE I7,16.0,NO,1 Y
109,42990.0,8 GB,512 GB,WIN,SSD,DDR4,INTEL CORE I5,15.6,NO,1 Y
110,89990.0,16 GB,512 GB,WIN,SSD,DDR5,INTEL CORE I5,15.6,NO,1 Y
111,38705.0,8 GB,512 GB,WIN,SSD,DDR4,RYZEN 5 QUAD CORE,15.6,NO,2 Y
112,79990.0,8 GB,512 GB,WIN,SSD,DDR4,RYZEN 7 OCTA CORE,15.6,NO,1 Y
113,70990.0,8 GB,1 TB,WIN,SSD,DDR4,INTEL CORE I5,15.6,NO,1 Y
114,33900.0,8 GB,256 GB,WIN,SSD,DDR4,INTEL CORE I3,15.6,NO,1 Y
115,196990.0,16 GB,1 TB,WIN,SSD,DDR5,RYZEN 9 OCTA CORE,15.6,NO,1 Y
116,59990.0,8 GB,512 GB,WIN,SSD,DDR4,INTEL CORE I5,14.0,NO,1 Y
117,52990.0,16 GB,512 GB,WIN,SSD,DDR4,INTEL CORE I7,15.6,NO,1 Y
118,124990.0,16 GB,512 GB,MAC OS,SSD,DDR4,APPLE M1,13.3,NO,1 Y
119,85990.0,16 GB,1 TB,WIN,SSD,DDR4,RYZEN 7 OCTA CORE,15.6,NO,1 Y
120,31990.0,8 GB,256 GB,WIN,SSD,DDR4,INTEL CORE I3,15.6,NO,1 Y
121,66990.0,16 GB,512 GB,WIN,SSD,DDR4,RYZEN 5 HEXA CORE,15.6,NO,1 Y
122,89081.0,16 GB,512 GB,WIN,SSD,DDR4,RYZEN 7 OCTA CORE,15.6,NO,1 Y
123,36990.0,8 GB,256 GB,WIN,SSD,DDR4,INTEL CORE I3,14.0,NO,2 Y
124,104990.0,8 GB,512 GB,MAC OS,SSD,DDR4,APPLE M1,13.3,NO,1 Y
125,53490.0,8 GB,512 GB,WIN,SSD,DDR4,INTEL CORE I5,15.6,NO,2 Y
126,45990.0,8 GB,256 GB,WIN,SSD,DDR4,INTEL CORE I3,14.0,YES,1 Y
127,39990.0,8 GB,512 GB,WIN,SSD,DDR4,INTEL CORE I3,15.6,NO,2 Y
128,45990.0,8 GB,512 GB,WIN,SSD,DDR4,INTEL CORE I3,15.6,NO,1 Y
129,51990.0,8 GB,512 GB,WIN,SSD,DDR4,INTEL CORE I5,15.6,NO,2 Y
130,75990.0,16 GB,512 GB,WIN,SSD,DDR4,RYZEN 7 OCTA CORE,15.6,NO,1 Y
131,39990.0,8 GB,512 GB,WIN,SSD,DDR4,INTEL CORE I5,15.6,NO,1 Y
132,36990.0,8 GB,256 GB,WIN,SSD,DDR4,INTEL CORE I3,15.6,NO,2 Y
133,78800.0,16 GB,512 GB,WIN,SSD,DDR4,INTEL CORE I5,14.0,YES,1 Y
134,29390.0,8 GB,512 GB,WIN,SSD,DDR4,AMD ATHLON DUAL CORE,15.6,NO,1 Y
135,38705.0,8 GB,512 GB,WIN,SSD,DDR4,RYZEN 5 QUAD CORE,15.6,NO,2 Y
136,30990.0,8 GB,256 GB,WIN,SSD,DDR4,INTEL CORE I3,14.0,NO,1 Y
137,62490.0,16 GB,512 GB,WIN,SSD,DDR4,INTEL CORE I5,15.6,NO,2 Y
138,89990.0,16 GB,512 GB,WIN,SSD,DDR4,INTEL CORE I7,14.0,NO,1 Y
139,196990.0,16 GB,1 TB,WIN,SSD,DDR5,RYZEN 9 OCTA CORE,15.6,NO,1 Y
140,58899.0,8 GB,512 GB,WIN,SSD,DDR4,INTEL CORE I5,15.6,NO,1 Y
141,85990.0,16 GB,512 GB,WIN,SSD,DDR4,INTEL CORE I5,15.6,NO,2 Y
142,33099.0,8 GB,1 TB,WIN,HDD,DDR4,RYZEN 3 DUAL CORE,14.0,NO,1 Y
143,85990.0,16 GB,1 TB,WIN,SSD,DDR4,RYZEN 7 OCTA CORE,15.6,NO,1 Y
144,73490.0,8 GB,512 GB,WIN,SSD,DDR4,RYZEN 7 OCTA CORE,15.6,NO,1 Y
145,63490.0,8 GB,1 TB,WIN,SSD,DDR4,INTEL CORE I5,15.6,NO,1 Y
146,36990.0,8 GB,256 GB,WIN,SSD,DDR4,INTEL CORE I3,14.0,NO,2 Y
147,39990.0,8 GB,512 GB,WIN,SSD,DDR4,INTEL CORE I3,15.6,NO,2 Y
148,38990.0,8 GB,512 GB,WIN,SSD,DDR4,RYZEN 5 QUAD CORE,14.0,NO,1 Y
149,67990.0,8 GB,512 GB,WIN,SSD,DDR4,INTEL CORE I5,16.1,NO,1 Y
150,39990.0,8 GB,512 GB,WIN,SSD,DDR4,INTEL CORE I5,15.6,NO,1 Y
151,196990.0,16 GB,1 TB,WIN,SSD,DDR5,RYZEN 9 OCTA CORE,15.6,NO,1 Y
152,39790.0,8 GB,512 GB,WIN,SSD,DDR4,INTEL CORE I3,15.6,NO,1 Y
153,241990.0,16 GB,1 TB,MAC OS,SSD,UNIFIED,APPLE M1 PRO,16.2,NO,1 Y
154,104990.0,8 GB,512 GB,MAC OS,SSD,DDR4,APPLE M1,13.3,NO,1 Y
155,42190.0,8 GB,512 GB,WIN,SSD,DDR4,RYZEN 3 DUAL CORE,14.0,NO,1 Y
156,38705.0,8 GB,512 GB,WIN,SSD,DDR4,RYZEN 5 QUAD CORE,15.6,NO,2 Y
157,85990.0,16 GB,1 TB,WIN,SSD,DDR4,RYZEN 7 OCTA CORE,15.6,NO,1 Y
158,39990.0,8 GB,512 GB,WIN,SSD,DDR4,INTEL CORE I3,14.0,NO,1 Y
159,99990.0,16 GB,1 TB,WIN,SSD,DDR5,INTEL CORE I7,15.6,NO,1 Y
160,35590.0,8 GB,512 GB,WIN,SSD,DDR4,RYZEN 3 DUAL CORE,15.6,NO,2 Y
161,150990.0,16 GB,1 TB,WIN,SSD,DDR4,RYZEN 9 OCTA CORE,15.6,NO,1 Y
163,64990.0,16 GB,1 TB,WIN,SSD,DDR4,INTEL CORE I5,15.6,NO,1 Y
164,89990.0,16 GB,512 GB,WIN,SSD,DDR4,RYZEN 7 OCTA CORE,15.6,NO,1 Y
165,85990.0,16 GB,512 GB,WIN,SSD,DDR4,RYZEN 7 OCTA CORE,17.3,NO,1 Y
166,194990.0,16 GB,1 TB,WIN,SSD,DDR5,RYZEN 9 OCTA CORE,15.6,NO,1 Y
167,44990.0,8 GB,512 GB,WIN,SSD,DDR4,RYZEN 5 HEXA CORE,15.6,NO,2 Y
168,222990.0,16 GB,1 TB,MAC OS,SSD,UNIFIED,APPLE M1 PRO,14.2,NO,1 Y
169,15990.0,4 GB,128 GB,DOS,SSD,DDR4,INTEL CELERON DUAL CORE,14.1,NO,1 Y
170,36990.0,8 GB,256 GB,WIN,SSD,DDR4,INTEL CORE I3,14.0,NO,2 Y
171,39990.0,8 GB,512 GB,WIN,SSD,DDR4,INTEL CORE I3,15.6,NO,2 Y
172,45900.0,8 GB,1 TB,WIN,SSD,DDR4,INTEL CORE I3,15.6,NO,1 Y
173,79990.0,16 GB,512 GB,WIN,SSD,DDR4,INTEL CORE I7,13.3,NO,1 Y
174,56990.0,8 GB,512 GB,WIN,SSD,DDR4,INTEL CORE I5,14.0,NO,1 Y
175,34990.0,8 GB,256 GB,WIN,SSD,DDR4,RYZEN 3 DUAL CORE,15.6,NO,1 Y
176,39990.0,8 GB,512 GB,WIN,SSD,DDR4,INTEL CORE I5,15.6,NO,1 Y
177,196990.0,16 GB,1 TB,WIN,SSD,DDR5,RYZEN 9 OCTA CORE,15.6,NO,1 Y
178,43580.0,8 GB,512 GB,WIN,SSD,DDR4,INTEL CORE I3,15.6,NO,1 Y
179,74990.0,16 GB,512 GB,WIN,SSD,DDR4,RYZEN 5 HEXA CORE,13.3,YES,1 Y
180,38705.0,8 GB,512 GB,WIN,SSD,DDR4,RYZEN 5 QUAD CORE,15.6,NO,2 Y
181,85990.0,16 GB,1 TB,WIN,SSD,DDR4,RYZEN 7 OCTA CORE,15.6,NO,1 Y
182,37490.0,8 GB,512 GB,WIN,SSD,DDR4,INTEL CORE I3,15.6,NO,2 Y
183,20990.0,4 GB,128 GB,WIN,SSD,DDR4,INTEL CELERON QUAD CORE,14.0,NO,1 Y
184,109990.0,16 GB,512 GB,WIN,SSD,DDR4,INTEL CORE I7,15.6,NO,2 Y
185,71990.0,16 GB,512 GB,WIN,SSD,DDR4,INTEL CORE I5,13.3,NO,1 Y
186,35590.0,8 GB,512 GB,WIN,SSD,DDR4,RYZEN 3 DUAL CORE,15.6,NO,2 Y
187,150990.0,16 GB,1 TB,WIN,SSD,DDR4,RYZEN 9 OCTA CORE,15.6,NO,1 Y
188,32990.0,8 GB,512 GB,WIN,SSD,DDR4,INTEL CORE I3,14.0,NO,1 Y
189,43990.0,8 GB,512 GB,WIN,SSD,DDR4,RYZEN 5 HEXA CORE,14.0,NO,1 Y
190,73490.0,8 GB,512 GB,WIN,SSD,DDR4,RYZEN 7 OCTA CORE,15.6,NO,1 Y
191,194990.0,16 GB,1 TB,WIN,SSD,DDR5,RYZEN 9 OCTA CORE,15.6,NO,1 Y
192,25990.0,8 GB,256 GB,WIN,SSD,DDR4,RYZEN 3 DUAL CORE,14.0,NO,1 Y
193,122990.0,16 GB,1 TB,WIN,SSD,DDR4,INTEL CORE I9,15.6,NO,1 Y
194,68990.0,16 GB,512 GB,WIN,SSD,DDR4,INTEL CORE I5,15.6,NO,1 Y
195,59990.0,8 GB,512 GB,WIN,SSD,DDR4,INTEL CORE I5,15.6,NO,1 Y
196,36990.0,8 GB,256 GB,WIN,SSD,DDR4,INTEL CORE I3,14.0,NO,2 Y
197,39990.0,8 GB,512 GB,WIN,SSD,DDR4,INTEL CORE I3,15.6,NO,2 Y
198,39990.0,8 GB,512 GB,WIN,SSD,DDR4,RYZEN 5 QUAD CORE,15.6,NO,1 Y
199,37990.0,8 GB,1 TB,WIN,HDD,DDR4,INTEL CORE I3,15.6,NO,1 Y
200,39990.0,8 GB,512 GB,WIN,SSD,DDR4,INTEL CORE I5,15.6,NO,1 Y
201,196990.0,16 GB,1 TB,WIN,SSD,DDR5,RYZEN 9 OCTA CORE,15.6,NO,1 Y
202,25950.0,4 GB,256 GB,WIN,SSD,DDR4,INTEL CELERON DUAL CORE,14.0,NO,1 Y
203,64999.0,16 GB,512 GB,WIN,SSD,DDR4,INTEL CORE I5,14.0,NO,1 Y
204,60990.0,8 GB,512 GB,WIN,SSD,DDR4,RYZEN 5 HEXA CORE,15.6,NO,1 Y
205,36990.0,8 GB,512 GB,WIN,SSD,DDR4,INTEL CORE I3,15.6,NO,1 Y
206,38705.0,8 GB,512 GB,WIN,SSD,DDR4,RYZEN 5 QUAD CORE,15.6,NO,2 Y
207,85990.0,16 GB,1 TB,WIN,SSD,DDR4,RYZEN 7 OCTA CORE,15.6,NO,1 Y
208,59990.0,8 GB,256 GB,WIN,SSD,DDR4,INTEL CORE I5,15.6,NO,1 Y
209,222990.0,16 GB,512 GB,MAC OS,SSD,UNIFIED,APPLE M1 PRO,16.2,NO,1 Y
210,35590.0,8 GB,512 GB,WIN,SSD,DDR4,RYZEN 3 DUAL CORE,15.6,NO,2 Y
211,150990.0,16 GB,1 TB,WIN,SSD,DDR4,RYZEN 9 OCTA CORE,15.6,NO,1 Y
212,235283.0,16 GB,1 TB,WIN,SSD,DDR5,INTEL CORE I9,15.6,NO,1 Y
213,38990.0,8 GB,512 GB,WIN,SSD,DDR4,INTEL CORE I3,15.6,NO,1 Y
214,67990.0,16 GB,512 GB,WIN,SSD,DDR4,RYZEN 7 OCTA CORE,15.6,NO,1 Y
215,79990.0,16 GB,512 GB,WIN,SSD,DDR4,INTEL CORE I5,15.6,NO,2 Y
216,36990.0,8 GB,256 GB,WIN,SSD,DDR4,INTEL CORE I3,14.0,NO,2 Y
217,39990.0,8 GB,512 GB,WIN,SSD,DDR4,INTEL CORE I5,15.6,NO,1 Y
218,67990.0,16 GB,512 GB,WIN,SSD,DDR4,RYZEN 7 OCTA CORE,15.6,NO,1 Y
219,79990.0,16 GB,512 GB,WIN,SSD,DDR4,INTEL CORE I5,15.6,NO,2 Y
220,196990.0,16 GB,1 TB,WIN,SSD,DDR5,RYZEN 9 OCTA CORE,15.6,NO,1 Y
221,38705.0,8 GB,512 GB,WIN,SSD,DDR4,RYZEN 5 QUAD CORE,15.6,NO,2 Y
222,89990.0,16 GB,512 GB,WIN,SSD,DDR5,INTEL CORE I5,15.6,NO,1 Y
223,241990.0,32 GB,1 TB,WIN,SSD,DDR5,INTEL CORE I9,16.0,NO,1 Y
224,43490.0,8 GB,512 GB,WIN,SSD,DDR4,INTEL CORE I5,14.0,NO,1 Y
225,46990.0,8 GB,256 GB,WIN,SSD,DDR4,INTEL CORE I3,14.0,NO,1 Y
226,85990.0,16 GB,1 TB,WIN,SSD,DDR4,RYZEN 7 OCTA CORE,15.6,NO,1 Y
227,35590.0,8 GB,512 GB,WIN,SSD,DDR4,RYZEN 3 DUAL CORE,15.6,NO,2 Y
228,40990.0,8 GB,512 GB,WIN,SSD,DDR4,RYZEN 5 QUAD CORE,15.6,NO,2 Y
229,94990.0,8 GB,256 GB,MAC OS,SSD,DDR4,APPLE M1,13.3,NO,1 Y
230,150990.0,16 GB,1 TB,WIN,SSD,DDR4,RYZEN 9 OCTA CORE,15.6,NO,1 Y
231,39990.0,8 GB,512 GB,WIN,SSD,DDR4,INTEL CORE I3,15.6,NO,2 Y
232,114990.0,16 GB,1 TB,WIN,SSD,DDR4,INTEL CORE I7,15.6,NO,2 Y
233,121990.0,8 GB,256 GB,MAC OS,SSD,UNIFIED,APPLE M2,13.3,NO,1 Y
234,37990.0,8 GB,1 TB,WIN,HDD,DDR4,INTEL CORE I3,15.6,NO,1 Y
235,27990.0,8 GB,256 GB,WIN,SSD,DDR4,INTEL PENTIUM SILVER,14.0,NO,1 Y
236,194990.0,16 GB,1 TB,WIN,SSD,DDR5,RYZEN 9 OCTA CORE,15.6,NO,1 Y
237,44990.0,8 GB,512 GB,WIN,SSD,DDR4,RYZEN 5 HEXA CORE,15.6,NO,2 Y
238,40190.0,8 GB,512 GB,WIN,SSD,DDR4,RYZEN 3 DUAL CORE,15.6,NO,1 Y
239,34990.0,8 GB,512 GB,WIN,SSD,DDR4,RYZEN 3 DUAL CORE,15.6,NO,1 Y
240,39990.0,8 GB,512 GB,WIN,SSD,DDR4,INTEL CORE I3,15.6,NO,2 Y
241,39990.0,8 GB,512 GB,WIN,SSD,DDR4,INTEL CORE I5,15.6,NO,1 Y
242,94990.0,16 GB,1 TB,WIN,SSD,DDR4,INTEL CORE I7,14.0,YES,1 Y
243,69990.0,8 GB,512 GB,WIN,SSD,DDR4,INTEL CORE I5,15.6,NO,1 Y
244,59990.0,8 GB,512 GB,WIN,SSD,DDR4,INTEL CORE I5,15.6,NO,1 Y
245,66990.0,16 GB,512 GB,WIN,SSD,DDR4,INTEL CORE I5,14.0,YES,1 Y
246,196990.0,16 GB,1 TB,WIN,SSD,DDR5,RYZEN 9 OCTA CORE,15.6,NO,1 Y
247,38705.0,8 GB,512 GB,WIN,SSD,DDR4,RYZEN 5 QUAD CORE,15.6,NO,2 Y
248,104990.0,16 GB,512 GB,WIN,SSD,DDR4,INTEL CORE I7,13.3,YES,1 Y
249,54900.0,8 GB,256 GB,WIN,SSD,DDR4,INTEL CORE I3,14.0,YES,1 Y
250,85990.0,16 GB,1 TB,WIN,SSD,DDR4,RYZEN 7 OCTA CORE,15.6,NO,1 Y
251,35590.0,8 GB,512 GB,WIN,SSD,DDR4,RYZEN 3 DUAL CORE,15.6,NO,2 Y
252,136990.0,16 GB,1 TB,WIN,SSD,DDR4,RYZEN 7 OCTA CORE,16.0,NO,1 Y
253,48184.0,8 GB,512 GB,WIN,SSD,DDR4,RYZEN 5 DUAL CORE,15.6,NO,1 Y
254,74990.0,16 GB,512 GB,WIN,SSD,DDR4,INTEL CORE I5,14.0,NO,1 Y
255,60990.0,8 GB,512 GB,WIN,SSD,DDR4,INTEL CORE I5,15.6,NO,1 Y
256,150990.0,16 GB,1 TB,WIN,SSD,DDR4,RYZEN 9 OCTA CORE,15.6,NO,1 Y
257,36990.0,8 GB,256 GB,WIN,SSD,DDR4,INTEL CORE I3,14.0,NO,2 Y
258,49990.0,8 GB,512 GB,WIN,SSD,DDR4,RYZEN 5 HEXA CORE,14.0,NO,1 Y
259,67990.0,8 GB,512 GB,WIN,SSD,DDR4,INTEL CORE I5,15.6,NO,1 Y
260,194990.0,16 GB,1 TB,WIN,SSD,DDR5,RYZEN 9 OCTA CORE,15.6,NO,1 Y
261,44990.0,8 GB,512 GB,WIN,SSD,DDR4,RYZEN 5 HEXA CORE,15.6,NO,2 Y
262,58000.0,8 GB,512 GB,WIN,SSD,DDR4,INTEL CORE I5,14.0,NO,2 Y
263,29990.0,8 GB,256 GB,WIN,SSD,DDR4,INTEL CORE I3,14.0,NO,1 Y
264,114990.0,16 GB,1 TB,WIN,SSD,DDR5,RYZEN 7 OCTA CORE,13.4,YES,1 Y
265,33990.0,8 GB,512 GB,WIN,SSD,DDR4,RYZEN 3 DUAL CORE,15.6,NO,1 Y
266,39990.0,8 GB,512 GB,WIN,SSD,DDR4,INTEL CORE I5,15.6,NO,1 Y
267,196990.0,16 GB,1 TB,WIN,SSD,DDR5,RYZEN 9 OCTA CORE,15.6,NO,1 Y
268,64990.0,16 GB,512 GB,WIN,SSD,DDR4,RYZEN 5 HEXA CORE,15.6,NO,1 Y
269,79990.0,16 GB,512 GB,WIN,SSD,DDR4,INTEL CORE I5,15.6,NO,1 Y
270,38705.0,8 GB,512 GB,WIN,SSD,DDR4,RYZEN 5 QUAD CORE,15.6,NO,2 Y
271,85990.0,16 GB,1 TB,WIN,SSD,DDR4,RYZEN 7 OCTA CORE,15.6,NO,1 Y
272,28990.0,8 GB,256 GB,WIN,SSD,DDR4,INTEL CORE I3,14.0,NO,1 Y
273,56990.0,8 GB,512 GB,WIN,SSD,DDR4,RYZEN 5 DUAL CORE,15.6,NO,1 Y
274,81990.0,16 GB,512 GB,WIN,SSD,DDR4,RYZEN 5 HEXA CORE,13.3,YES,1 Y
275,129990.0,16 GB,1 TB,WIN,SSD,DDR4,INTEL CORE I7,15.6,NO,2 Y
276,35590.0,8 GB,512 GB,WIN,SSD,DDR4,RYZEN 3 DUAL CORE,15.6,NO,2 Y
277,150990.0,16 GB,1 TB,WIN,SSD,DDR4,RYZEN 9 OCTA CORE,15.6,NO,1 Y
278,38990.0,8 GB,1 TB,WIN,HDD,DDR4,RYZEN 3 DUAL CORE,15.6,NO,1 Y
279,79990.0,16 GB,1 TB,WIN,SSD,DDR4,RYZEN 7 OCTA CORE,15.6,NO,1 Y
280,36990.0,8 GB,256 GB,WIN,SSD,DDR4,INTEL CORE I3,14.0,NO,2 Y
281,39990.0,8 GB,512 GB,WIN,SSD,DDR4,INTEL CORE I3,15.6,NO,2 Y
282,139990.0,8 GB,512 GB,MAC OS,SSD,UNIFIED,APPLE M2,13.6,NO,1 Y
283,109990.0,16 GB,1 TB,WIN,SSD,DDR5,INTEL CORE I7,17.3,NO,1 Y
284,154990.0,16 GB,1 TB,WIN,SSD,DDR5,RYZEN 9 OCTA CORE,15.6,NO,1 Y
285,62990.0,16 GB,512 GB,WIN,SSD,DDR4,INTEL CORE I5,15.6,NO,1 Y
286,194990.0,16 GB,1 TB,WIN,SSD,DDR5,RYZEN 9 OCTA CORE,15.6,NO,1 Y
287,44990.0,8 GB,512 GB,WIN,SSD,DDR4,RYZEN 5 HEXA CORE,15.6,NO,2 Y
288,47990.0,8 GB,512 GB,WIN,SSD,DDR4,INTEL CORE I3,14.0,NO,1 Y
289,43667.0,8 GB,512 GB,WIN,SSD,DDR4,RYZEN 3 QUAD CORE,15.6,NO,1 Y
290,135990.0,16 GB,1 TB,WIN,SSD,DDR5,RYZEN 7 OCTA CORE,15.6,NO,1 Y
291,36990.0,8 GB,256 GB,WIN,SSD,DDR4,INTEL CORE I3,14.0,NO,2 Y
292,98990.0,16 GB,512 GB,WIN,SSD,DDR5,RYZEN 7 OCTA CORE,15.6,NO,1 Y
293,46990.0,16 GB,512 GB,WIN,SSD,DDR4,INTEL CORE I7,14.0,NO,1 Y
294,35990.0,8 GB,256 GB,WIN,SSD,DDR4,INTEL CORE I3,14.0,NO,1 Y
295,39990.0,8 GB,512 GB,WIN,SSD,DDR4,INTEL CORE I3,15.6,NO,2 Y
296,109990.0,16 GB,1 TB,WIN,SSD,DDR5,INTEL CORE I7,17.3,NO,1 Y
297,139990.0,8 GB,512 GB,MAC OS,SSD,UNIFIED,APPLE M2,13.6,NO,1 Y
298,74770.0,8 GB,512 GB,WIN,SSD,DDR4,INTEL CORE I5,14.0,YES,1 Y
299,39990.0,8 GB,512 GB,WIN,SSD,DDR4,INTEL CORE I5,15.6,NO,1 Y
300,40799.0,8 GB,512 GB,WIN,SSD,DDR4,RYZEN 3 QUAD CORE,14.0,NO,1 Y
301,69490.0,16 GB,512 GB,WIN,SSD,DDR4,INTEL CORE I5,15.6,NO,1 Y
302,39990.0,8 GB,512 GB,WIN,SSD,DDR4,INTEL CORE I3,14.0,NO,1 Y
303,38705.0,8 GB,512 GB,WIN,SSD,DDR4,RYZEN 5 QUAD CORE,15.6,NO,2 Y
304,99990.0,16 GB,512 GB,WIN,SSD,DDR5,RYZEN 5 HEXA CORE,13.3,YES,1 Y
305,241990.0,16 GB,1 TB,MAC OS,SSD,UNIFIED,APPLE M1 PRO,16.2,NO,1 Y
306,40990.0,8 GB,512 GB,WIN,SSD,DDR4,INTEL CORE I5,15.6,NO,1 Y
307,196990.0,16 GB,1 TB,WIN,SSD,DDR5,RYZEN 9 OCTA CORE,15.6,NO,1 Y
308,60390.0,8 GB,512 GB,WIN,SSD,DDR4,INTEL CORE I5,15.6,NO,1 Y
309,69990.0,8 GB,1 TB,WIN,SSD,DDR4,INTEL CORE I5,15.6,NO,1 Y
310,44990.0,8 GB,256 GB,WIN,SSD,DDR4,INTEL CORE I3,14.0,NO,1 Y
311,85990.0,16 GB,1 TB,WIN,SSD,DDR4,RYZEN 7 OCTA CORE,15.6,NO,1 Y
312,44990.0,8 GB,256 GB,WIN,SSD,DDR4,INTEL CORE I5,15.6,NO,1 Y
313,60390.0,8 GB,512 GB,WIN,SSD,DDR4,INTEL CORE I5,15.6,NO,1 Y
314,69490.0,16 GB,512 GB,WIN,SSD,DDR4,INTEL CORE I5,15.6,NO,1 Y
315,40799.0,8 GB,512 GB,WIN,SSD,DDR4,RYZEN 3 QUAD CORE,14.0,NO,1 Y
316,39990.0,8 GB,512 GB,WIN,SSD,DDR4,INTEL CORE I3,15.6,NO,2 Y
317,39990.0,8 GB,512 GB,WIN,SSD,DDR4,INTEL CORE I5,15.6,NO,1 Y
318,55990.0,16 GB,512 GB,WIN,SSD,DDR4,RYZEN 5 HEXA CORE,15.6,NO,1 Y
319,74990.0,16 GB,512 GB,WIN,SSD,DDR4,INTEL CORE I5,14.0,NO,1 Y
320,196990.0,16 GB,1 TB,WIN,SSD,DDR5,RYZEN 9 OCTA CORE,15.6,NO,1 Y
321,38705.0,8 GB,512 GB,WIN,SSD,DDR4,RYZEN 5 QUAD CORE,15.6,NO,2 Y
322,69990.0,8 GB,1 TB,WIN,SSD,DDR4,INTEL CORE I5,15.6,NO,1 Y
323,44990.0,8 GB,256 GB,WIN,SSD,DDR4,INTEL CORE I3,14.0,NO,1 Y
324,59990.0,8 GB,1 TB,WIN,SSD,DDR4,INTEL CORE I5,15.6,NO,1 Y
325,222990.0,16 GB,512 GB,MAC OS,SSD,UNIFIED,APPLE M1 PRO,16.2,NO,1 Y
326,85990.0,16 GB,1 TB,WIN,SSD,DDR4,RYZEN 7 OCTA CORE,15.6,NO,1 Y
327,35590.0,8 GB,512 GB,WIN,SSD,DDR4,RYZEN 3 DUAL CORE,15.6,NO,2 Y
328,74770.0,8 GB,512 GB,WIN,SSD,DDR4,INTEL CORE I5,14.0,YES,1 Y
329,109990.0,16 GB,1 TB,WIN,SSD,DDR5,INTEL CORE I7,17.3,NO,1 Y
330,150990.0,16 GB,1 TB,WIN,SSD,DDR4,RYZEN 9 OCTA CORE,15.6,NO,1 Y
331,36990.0,8 GB,256 GB,WIN,SSD,DDR4,INTEL CORE I3,14.0,NO,2 Y
332,62990.0,8 GB,512 GB,WIN,SSD,DDR4,RYZEN 5 HEXA CORE,15.6,NO,1 Y
333,40990.0,8 GB,512 GB,WIN,SSD,DDR4,INTEL CORE I5,15.6,NO,1 Y
334,58499.0,8 GB,512 GB,WIN,SSD,DDR4,INTEL CORE I5,15.6,NO,2 Y
335,65990.0,8 GB,1 TB,WIN,SSD,DDR4,INTEL CORE I5,15.6,NO,1 Y
336,36990.0,8 GB,256 GB,WIN,SSD,DDR4,INTEL CORE I3,14.0,NO,2 Y
337,39990.0,8 GB,512 GB,WIN,SSD,DDR4,INTEL CORE I5,15.6,NO,1 Y
338,111990.0,16 GB,512 GB,WIN,SSD,DDR5,INTEL CORE I7,15.6,NO,1 Y
339,68490.0,16 GB,512 GB,WIN,SSD,DDR4,INTEL CORE I5,15.6,NO,1 Y
340,196990.0,16 GB,1 TB,WIN,SSD,DDR5,RYZEN 9 OCTA CORE,15.6,NO,1 Y
341,38705.0,8 GB,512 GB,WIN,SSD,DDR4,RYZEN 5 QUAD CORE,15.6,NO,2 Y
342,46990.0,16 GB,512 GB,WIN,SSD,DDR4,INTEL CORE I7,14.0,NO,1 Y
343,83990.0,8 GB,1 TB,WIN,HDD,DDR4,INTEL CORE I5,14.0,NO,6 M
344,54990.0,8 GB,512 GB,WIN,SSD,DDR4,INTEL CORE I5,15.6,NO,1 Y
345,14990.0,4 GB,32 GB,CHROME OS,EMMC,DDR4,INTEL CELERON DUAL CORE,11.6,YES,1 Y
346,85990.0,16 GB,1 TB,WIN,SSD,DDR4,RYZEN 7 OCTA CORE,15.6,NO,1 Y
347,35590.0,8 GB,512 GB,WIN,SSD,DDR4,RYZEN 3 DUAL CORE,15.6,NO,2 Y
348,149990.0,8 GB,1 TB,MAC OS,SSD,DDR4,APPLE M1,13.3,NO,1 Y
349,63090.0,8 GB,512 GB,WIN,SSD,DDR4,INTEL CORE I5,14.0,NO,1 Y
350,150990.0,16 GB,1 TB,WIN,SSD,DDR4,RYZEN 9 OCTA CORE,15.6,NO,1 Y
351,39990.0,8 GB,512 GB,WIN,SSD,DDR4,INTEL CORE I3,15.6,NO,2 Y
352,200000.0,16 GB,1 TB,WIN,SSD,DDR5,INTEL CORE I7,15.6,NO,2 Y
353,37390.0,8 GB,256 GB,WIN,SSD,DDR4,INTEL CORE I3,15.6,NO,1 Y
354,63990.0,8 GB,512 GB,WIN,SSD,DDR4,INTEL CORE I5,14.0,YES,1 Y
355,43090.0,8 GB,512 GB,WIN,SSD,DDR4,INTEL CORE I3,14.0,NO,1 Y
356,194990.0,16 GB,1 TB,WIN,SSD,DDR5,RYZEN 9 OCTA CORE,15.6,NO,1 Y
357,44990.0,8 GB,512 GB,WIN,SSD,DDR4,RYZEN 5 HEXA CORE,15.6,NO,2 Y
358,44700.0,4 GB,256 GB,WIN,SSD,DDR4,INTEL CORE I3,15.6,NO,1 Y
359,41150.0,8 GB,256 GB,WIN,SSD,DDR4,INTEL CORE I3,14.0,NO,1 Y
360,36990.0,8 GB,256 GB,WIN,SSD,DDR4,INTEL CORE I3,14.0,NO,2 Y
361,39990.0,8 GB,512 GB,WIN,SSD,DDR4,INTEL CORE I3,15.6,NO,2 Y
362,33990.0,8 GB,256 GB,WIN,SSD,DDR4,RYZEN 3 DUAL CORE,15.6,NO,1 Y
363,190890.0,16 GB,1 TB,WIN,SSD,DDR5,INTEL CORE I7,17.3,NO,2 Y
364,174990.0,16 GB,1 TB,WIN,SSD,DDR5,INTEL CORE I9,13.4,YES,1 Y
365,118990.0,16 GB,1 TB,WIN,SSD,DDR4,RYZEN 7 OCTA CORE,16.1,NO,1 Y
366,39990.0,8 GB,512 GB,WIN,SSD,DDR4,INTEL CORE I5,15.6,NO,1 Y
367,196990.0,16 GB,1 TB,WIN,SSD,DDR5,RYZEN 9 OCTA CORE,15.6,NO,1 Y
368,63980.0,16 GB,512 GB,WIN,SSD,DDR4,INTEL CORE I5,15.6,NO,1 Y
369,54300.0,8 GB,512 GB,WIN,SSD,DDR4,RYZEN 5 HEXA CORE,15.6,NO,1 Y
370,38705.0,8 GB,512 GB,WIN,SSD,DDR4,RYZEN 5 QUAD CORE,15.6,NO,2 Y
371,85990.0,16 GB,1 TB,WIN,SSD,DDR4,RYZEN 7 OCTA CORE,15.6,NO,1 Y
372,36400.0,8 GB,256 GB,WIN,SSD,DDR4,RYZEN 3 DUAL CORE,15.6,NO,1 Y
373,28590.0,4 GB,256 GB,WIN,SSD,DDR4,INTEL CORE I3,15.6,NO,1 Y
374,69999.0,16 GB,512 GB,WIN,SSD,DDR4,RYZEN 5 HEXA CORE,16.0,NO,1 Y
376,35590.0,8 GB,512 GB,WIN,SSD,DDR4,RYZEN 3 DUAL CORE,15.6,NO,2 Y
377,150990.0,16 GB,1 TB,WIN,SSD,DDR4,RYZEN 9 OCTA CORE,15.6,NO,1 Y
378,37000.0,8 GB,256 GB,WIN,SSD,DDR4,INTEL CORE I3,15.0,NO,2 Y
379,64990.0,16 GB,512 GB,WIN,SSD,DDR4,INTEL CORE I5,13.0,NO,1 Y
380,73490.0,8 GB,512 GB,WIN,SSD,DDR4,RYZEN 7 OCTA CORE,15.6,NO,1 Y
381,194990.0,16 GB,1 TB,WIN,SSD,DDR5,RYZEN 9 OCTA CORE,15.6,NO,1 Y
382,42690.0,8 GB,256 GB,WIN,SSD,DDR4,INTEL CORE I3,14.96,NO,1 Y
383,140990.0,16 GB,1 TB,WIN,SSD,DDR5,RYZEN 7 OCTA CORE,15.6,NO,1 Y
384,38990.0,4 GB,256 GB,WIN,SSD,DDR4,INTEL CORE I3,15.0,NO,1 Y
385,128990.0,16 GB,512 GB,WIN,SSD,DDR4,INTEL CORE I7,13.5,NO,1 Y
386,54999.0,8 GB,512 GB,WIN,SSD,DDR4,INTEL CORE I3,15.6,NO,1 Y
387,36990.0,8 GB,256 GB,WIN,SSD,DDR4,INTEL CORE I3,14.0,NO,2 Y
388,60130.0,8 GB,1 TB,WIN,SSD,DDR4,INTEL CORE I5,15.6,NO,1 Y
389,29490.0,8 GB,256 GB,WIN,SSD,DDR4,INTEL PENTIUM SILVER,14.0,NO,1 Y
390,72490.0,8 GB,512 GB,WIN,SSD,DDR4,INTEL CORE I5,14.0,YES,1 Y
391,39990.0,8 GB,512 GB,WIN,SSD,DDR4,INTEL CORE I3,15.6,NO,2 Y
392,73990.0,16 GB,512 GB,WIN,SSD,DDR4,INTEL CORE I5,15.6,NO,2 Y
393,47130.0,8 GB,1 TB,WIN,HDD,DDR4,INTEL CORE I5,15.6,NO,1 Y
394,55600.0,8 GB,512 GB,WIN,SSD,DDR4,RYZEN 7 OCTA CORE,14.0,NO,1 Y
395,39990.0,8 GB,512 GB,WIN,SSD,DDR4,INTEL CORE I5,15.6,NO,1 Y
396,49690.0,8 GB,512 GB,WIN,SSD,DDR4,RYZEN 5 QUAD CORE,14.0,NO,1 Y
397,239990.0,32 GB,1 TB,WIN,SSD,DDR5,INTEL CORE I7,16.0,NO,1 Y
398,73990.0,16 GB,512 GB,WIN,SSD,DDR4,INTEL CORE I5,15.6,NO,2 Y
399,38705.0,8 GB,512 GB,WIN,SSD,DDR4,RYZEN 5 QUAD CORE,15.6,NO,2 Y
400,52490.0,8 GB,512 GB,WIN,SSD,DDR4,RYZEN 5 HEXA CORE,14.0,NO,1 Y
401,41990.0,8 GB,512 GB,WIN,SSD,DDR4,INTEL CORE I3,15.6,NO,1 Y
402,29990.0,8 GB,256 GB,WIN,SSD,DDR4,INTEL PENTIUM QUAD CORE,14.0,NO,1 Y
403,196990.0,16 GB,1 TB,WIN,SSD,DDR5,RYZEN 9 OCTA CORE,15.6,NO,1 Y
404,50490.0,8 GB,512 GB,WIN,SSD,DDR4,INTEL CORE I5,14.0,NO,1 Y
405,96490.0,16 GB,1 TB,WIN,SSD,DDR4,INTEL CORE I7,15.6,NO,1 Y
406,37990.0,16 GB,512 GB,WIN,SSD,DDR4,INTEL CORE I5,14.0,NO,1 Y
407,85990.0,16 GB,1 TB,WIN,SSD,DDR4,RYZEN 7 OCTA CORE,15.6,NO,1 Y
408,74990.0,16 GB,512 GB,WIN,SSD,DDR4,INTEL CORE I5,14.0,YES,1 Y
409,51990.0,8 GB,512 GB,WIN,SSD,DDR4,INTEL CORE I5,15.6,NO,1 Y
410,36990.0,8 GB,256 GB,WIN,SSD,DDR4,INTEL CORE I3,14.0,NO,2 Y
411,39990.0,8 GB,512 GB,WIN,SSD,DDR4,INTEL CORE I3,15.6,NO,2 Y
412,71345.0,8 GB,1 TB,WIN,SSD,DDR4,RYZEN 5 HEXA CORE,15.6,NO,1 Y
413,101490.0,16 GB,1 TB,WIN,SSD,DDR4,INTEL CORE I7,15.6,NO,1 Y
414,274990.0,32 GB,1 TB,WIN,SSD,DDR5,INTEL CORE I7,15.6,NO,2 Y
415,199990.0,16 GB,1 TB,WIN,SSD,DDR5,RYZEN 9 OCTA CORE,15.6,NO,1 Y
416,39990.0,8 GB,512 GB,WIN,SSD,DDR4,INTEL CORE I5,15.6,NO,1 Y
417,196990.0,16 GB,1 TB,WIN,SSD,DDR5,RYZEN 9 OCTA CORE,15.6,NO,1 Y
418,41090.0,8 GB,256 GB,WIN,SSD,DDR4,INTEL CORE I3,14.0,NO,1 Y
419,50499.0,8 GB,256 GB,WIN,SSD,DDR4,INTEL CORE I5,15.6,NO,2 Y
420,38705.0,8 GB,512 GB,WIN,SSD,DDR4,RYZEN 5 QUAD CORE,15.6,NO,2 Y
421,85990.0,16 GB,1 TB,WIN,SSD,DDR4,RYZEN 7 OCTA CORE,15.6,NO,1 Y
422,78950.0,8 GB,512 GB,WIN,SSD,DDR4,RYZEN 7 OCTA CORE,16.1,NO,1 Y
423,67990.0,16 GB,512 GB,WIN,SSD,DDR4,RYZEN 5 HEXA CORE,14.0,YES,1 Y
424,187990.0,16 GB,1 TB,WIN,SSD,DDR4,RYZEN 9 OCTA CORE,15.6,NO,1 Y
425,102990.0,16 GB,1 TB,WIN,SSD,DDR4,INTEL CORE I7,14.0,YES,1 Y
426,35590.0,8 GB,512 GB,WIN,SSD,DDR4,RYZEN 3 DUAL CORE,15.6,NO,2 Y
427,150990.0,16 GB,1 TB,WIN,SSD,DDR4,RYZEN 9 OCTA CORE,15.6,NO,1 Y
428,35990.0,4 GB,256 GB,DOS,SSD,DDR4,INTEL CORE I3,15.6,NO,1 Y
429,52575.0,8 GB,512 GB,WIN,SSD,DDR4,RYZEN 5 QUAD CORE,15.6,NO,1 Y
430,73490.0,8 GB,512 GB,WIN,SSD,DDR4,RYZEN 7 OCTA CORE,15.6,NO,1 Y
431,194990.0,16 GB,1 TB,WIN,SSD,DDR5,RYZEN 9 OCTA CORE,15.6,NO,1 Y
432,50990.0,8 GB,512 GB,WIN,SSD,DDR4,RYZEN 5 QUAD CORE,15.6,NO,1 Y
433,60125.0,16 GB,512 GB,WIN,SSD,DDR4,INTEL CORE I5,15.6,NO,1 Y
434,26490.0,4 GB,256 GB,WIN,SSD,DDR4,INTEL CELERON DUAL CORE,11.6,NO,1 Y
435,80249.0,8 GB,512 GB,WIN,SSD,DDR4,RYZEN 7 OCTA CORE,16.1,NO,1 Y
436,36990.0,8 GB,256 GB,WIN,SSD,DDR4,INTEL CORE I3,14.0,NO,2 Y
437,39990.0,8 GB,512 GB,WIN,SSD,DDR4,INTEL CORE I3,15.6,NO,2 Y
438,129999.0,8 GB,1 TB,WIN,SSD,DDR4,INTEL CORE I5,15.6,NO,1 Y
439,76990.0,8 GB,1 TB,WIN,SSD,DDR4,RYZEN 7 OCTA CORE,14.0,NO,1 Y
440,39990.0,8 GB,512 GB,WIN,SSD,DDR4,INTEL CORE I5,15.6,NO,1 Y
441,196990.0,16 GB,1 TB,WIN,SSD,DDR5,RYZEN 9 OCTA CORE,15.6,NO,1 Y
442,36990.0,8 GB,512 GB,WIN,SSD,DDR4,INTEL CORE I3,15.6,NO,1 Y
443,107790.0,16 GB,512 GB,WIN,SSD,DDR4,INTEL CORE I7,15.6,NO,2 Y
444,75990.0,16 GB,512 GB,WIN,SSD,DDR4,INTEL CORE I5,14.0,YES,1 Y
445,95990.0,16 GB,512 GB,WIN,SSD,DDR4,INTEL CORE I5,14.0,YES,1 Y
446,38705.0,8 GB,512 GB,WIN,SSD,DDR4,RYZEN 5 QUAD CORE,15.6,NO,2 Y
447,85990.0,16 GB,1 TB,WIN,SSD,DDR4,RYZEN 7 OCTA CORE,15.6,NO,1 Y
448,61999.0,8 GB,512 GB,WIN,SSD,DDR4,INTEL CORE I5,15.6,NO,1 Y
449,28990.0,8 GB,256 GB,WIN,SSD,DDR4,INTEL CELERON DUAL CORE,14.0,NO,1 Y
450,35590.0,8 GB,512 GB,WIN,SSD,DDR4,RYZEN 3 DUAL CORE,15.6,NO,2 Y
451,150990.0,16 GB,1 TB,WIN,SSD,DDR4,RYZEN 9 OCTA CORE,15.6,NO,1 Y
452,54990.0,8 GB,512 GB,WIN,SSD,DDR4,INTEL CORE I5,15.6,NO,1 Y
453,56990.0,16 GB,512 GB,WIN,SSD,DDR4,INTEL CORE I7,15.6,NO,1 Y
454,45990.0,8 GB,256 GB,WIN,SSD,DDR4,INTEL CORE I5,14.0,NO,1 Y
455,38216.0,8 GB,512 GB,WIN,SSD,DDR4,INTEL CORE I3,14.1,NO,1 Y
456,36990.0,8 GB,256 GB,WIN,SSD,DDR4,INTEL CORE I3,14.0,NO,2 Y
457,39990.0,8 GB,512 GB,WIN,SSD,DDR4,INTEL CORE I3,15.6,NO,2 Y
458,79990.0,8 GB,512 GB,WIN,SSD,DDR4,INTEL CORE I7,15.6,NO,2 Y
459,43990.0,4 GB,1 TB,WIN,SSD,DDR4,INTEL CORE I3,15.6,NO,1 Y
460,39990.0,8 GB,512 GB,WIN,SSD,DDR4,INTEL CORE I5,15.6,NO,1 Y
461,196990.0,16 GB,1 TB,WIN,SSD,DDR5,RYZEN 9 OCTA CORE,15.6,NO,1 Y
462,108250.0,16 GB,1 TB,WIN,SSD,DDR4,RYZEN 7 OCTA CORE,16.1,NO,1 Y
463,28990.0,4 GB,1 TB,WIN,HDD,DDR4,INTEL CORE I3,15.6,NO,1 Y
465,67224.0,16 GB,512 GB,WIN,SSD,DDR4,INTEL CORE I5,15.6,NO,1 Y
466,38705.0,8 GB,512 GB,WIN,SSD,DDR4,RYZEN 5 QUAD CORE,15.6,NO,2 Y
467,85990.0,16 GB,1 TB,WIN,SSD,DDR4,RYZEN 7 OCTA CORE,15.6,NO,1 Y
468,114990.0,16 GB,1 TB,WIN,SSD,DDR4,RYZEN 7 OCTA CORE,15.6,NO,1 Y
469,61249.0,4 GB,1 TB,WIN,HDD,DDR4,INTEL CORE I5,14.0,NO,6 M
470,35590.0,8 GB,512 GB,WIN,SSD,DDR4,RYZEN 3 DUAL CORE,15.6,NO,2 Y
471,150990.0,16 GB,1 TB,WIN,SSD,DDR4,RYZEN 9 OCTA CORE,15.6,NO,1 Y
472,69990.0,16 GB,512 GB,WIN,SSD,DDR4,INTEL CORE I5,15.6,NO,1 Y
473,69990.0,8 GB,512 GB,DOS,SSD,DDR4,RYZEN 5 HEXA CORE,14.0,NO,1 Y
474,79990.0,16 GB,512 GB,WIN,SSD,DDR4,INTEL CORE I5,15.6,NO,1 Y
475,37990.0,8 GB,256 GB,WIN,SSD,DDR4,RYZEN 3 DUAL CORE,15.6,NO,1 Y
476,73490.0,8 GB,512 GB,WIN,SSD,DDR4,RYZEN 7 OCTA CORE,15.6,NO,1 Y
477,194990.0,16 GB,1 TB,WIN,SSD,DDR5,RYZEN 9 OCTA CORE,15.6,NO,1 Y
478,36990.0,8 GB,512 GB,WIN,SSD,DDR4,INTEL CORE I5,14.0,NO,1 Y
479,29980.0,4 GB,128 GB,WIN,SSD,DDR4,INTEL CELERON DUAL CORE,11.6,YES,1 Y
480,36990.0,8 GB,256 GB,WIN,SSD,DDR4,INTEL CORE I3,14.0,NO,2 Y
481,39990.0,8 GB,512 GB,WIN,SSD,DDR4,INTEL CORE I5,15.6,NO,1 Y
482,95990.0,16 GB,512 GB,WIN,SSD,DDR4,INTEL CORE I5,14.0,YES,1 Y
483,41600.0,8 GB,512 GB,WIN,SSD,DDR4,RYZEN 3 DUAL CORE,15.6,NO,1 Y
484,67224.0,16 GB,512 GB,WIN,SSD,DDR4,INTEL CORE I5,15.6,NO,1 Y
485,61986.0,8 GB,512 GB,WIN,SSD,DDR4,INTEL CORE I5,15.6,NO,1 Y
486,196990.0,16 GB,1 TB,WIN,SSD,DDR5,RYZEN 9 OCTA CORE,15.6,NO,1 Y
487,38705.0,8 GB,512 GB,WIN,SSD,DDR4,RYZEN 5 QUAD CORE,15.6,NO,2 Y
488,61249.0,4 GB,1 TB,WIN,HDD,DDR4,INTEL CORE I5,14.0,NO,6 M
489,38999.0,8 GB,256 GB,WIN,SSD,DDR4,RYZEN 3 DUAL CORE,15.6,NO,1 Y
490,85990.0,16 GB,1 TB,WIN,SSD,DDR4,RYZEN 7 OCTA CORE,15.6,NO,1 Y
491,35590.0,8 GB,512 GB,WIN,SSD,DDR4,RYZEN 3 DUAL CORE,15.6,NO,2 Y
492,31990.0,4 GB,256 GB,WIN,SSD,DDR4,INTEL CORE I3,14.0,NO,1 Y
493,37990.0,8 GB,256 GB,WIN,SSD,DDR4,RYZEN 3 DUAL CORE,15.6,NO,1 Y
494,29980.0,4 GB,128 GB,WIN,SSD,DDR4,INTEL CELERON DUAL CORE,11.6,YES,1 Y
495,46990.0,8 GB,512 GB,WIN,SSD,DDR4,INTEL CORE I5,15.6,NO,1 Y
496,150990.0,16 GB,1 TB,WIN,SSD,DDR4,RYZEN 9 OCTA CORE,15.6,NO,1 Y
497,73490.0,8 GB,512 GB,WIN,SSD,DDR4,RYZEN 7 OCTA CORE,15.6,NO,1 Y
498,37990.0,8 GB,512 GB,WIN,SSD,DDR4,INTEL CORE I5,14.0,NO,1 Y
499,36990.0,8 GB,512 GB,WIN,SSD,DDR4,INTEL CORE I5,14.0,NO,1 Y
500,39990.0,8 GB,512 GB,WIN,SSD,DDR4,INTEL CORE I3,15.6,NO,2 Y
501,194990.0,16 GB,1 TB,WIN,SSD,DDR5,RYZEN 9 OCTA CORE,15.6,NO,1 Y
502,61490.0,8 GB,1 TB,WIN,SSD,DDR4,RYZEN 5 HEXA CORE,15.6,NO,1 Y
503,109990.0,16 GB,1 TB,WIN,SSD,DDR4,RYZEN 7 OCTA CORE,15.6,NO,1 Y
504,54990.0,8 GB,512 GB,WIN,SSD,DDR4,RYZEN 5 HEXA CORE,15.6,NO,1 Y
505,50990.0,8 GB,512 GB,WIN,SSD,DDR4,RYZEN 5 HEXA CORE,14.0,NO,2 Y
506,36990.0,8 GB,256 GB,WIN,SSD,DDR4,INTEL CORE I3,14.0,NO,2 Y
507,39990.0,8 GB,512 GB,WIN,SSD,DDR4,INTEL CORE I5,15.6,NO,1 Y
508,62190.0,8 GB,1 TB,WIN,HDD,DDR4,INTEL CORE I5,15.6,NO,2 Y
509,24390.0,4 GB,64 GB,CHROME OS,EMMC,DDR4,INTEL CELERON DUAL CORE,15.6,YES,1 Y
510,196990.0,16 GB,1 TB,WIN,SSD,DDR5,RYZEN 9 OCTA CORE,15.6,NO,1 Y
511,38705.0,8 GB,512 GB,WIN,SSD,DDR4,RYZEN 5 QUAD CORE,15.6,NO,2 Y
512,36990.0,8 GB,1 TB,WIN,HDD,DDR4,INTEL CORE I3,15.6,NO,2 Y
513,159990.0,16 GB,1 TB,WIN,SSD,DDR4,RYZEN 7 OCTA CORE,15.6,NO,1 Y
514,34490.0,4 GB,256 GB,WIN,SSD,DDR4,INTEL CORE I3,14.0,NO,1 Y
515,99990.0,16 GB,512 GB,WIN,SSD,DDR4,RYZEN 9 OCTA CORE,16.6,NO,1 Y
516,85990.0,16 GB,1 TB,WIN,SSD,DDR4,RYZEN 7 OCTA CORE,15.6,NO,1 Y
517,35590.0,8 GB,512 GB,WIN,SSD,DDR4,RYZEN 3 DUAL CORE,15.6,NO,2 Y
518,79990.0,8 GB,512 GB,WIN,SSD,DDR4,INTEL CORE I5,13.3,NO,1 Y
519,20990.0,4 GB,128 GB,WIN,SSD,DDR4,INTEL CELERON QUAD CORE,14.0,NO,1 Y
520,150990.0,16 GB,1 TB,WIN,SSD,DDR4,RYZEN 9 OCTA CORE,15.6,NO,1 Y
521,39990.0,8 GB,512 GB,WIN,SSD,DDR4,INTEL CORE I3,15.6,NO,2 Y
522,41490.0,8 GB,1 TB,WIN,SSD,DDR4,INTEL CORE I3,15.6,NO,1 Y
523,206581.0,16 GB,1 TB,WIN,SSD,DDR5,RYZEN 7 OCTA CORE,15.6,NO,1 Y
524,59990.0,8 GB,512 GB,WIN,SSD,DDR4,RYZEN 5 HEXA CORE,15.6,NO,1 Y
525,62990.0,16 GB,512 GB,WIN,SSD,DDR4,INTEL CORE I5,15.6,NO,1 Y
526,194990.0,16 GB,1 TB,WIN,SSD,DDR5,RYZEN 9 OCTA CORE,15.6,NO,1 Y
527,44990.0,8 GB,512 GB,WIN,SSD,DDR4,RYZEN 5 HEXA CORE,15.6,NO,2 Y
528,194990.0,16 GB,1 TB,WIN,SSD,DDR5,RYZEN 9 OCTA CORE,15.6,NO,1 Y
529,62990.0,8 GB,1 TB,WIN,SSD,DDR4,RYZEN 5 HEXA CORE,15.6,NO,1 Y
530,39990.0,8 GB,512 GB,WIN,SSD,DDR4,INTEL CORE I5,15.6,NO,1 Y
531,196990.0,16 GB,1 TB,WIN,SSD,DDR5,RYZEN 9 OCTA CORE,15.6,NO,1 Y
532,61990.0,8 GB,512 GB,WIN,SSD,DDR4,RYZEN 5 HEXA CORE,15.6,NO,1 Y
533,105990.0,16 GB,1 TB,WIN,SSD,DDR5,RYZEN 7 OCTA CORE,15.6,NO,1 Y
534,155490.0,16 GB,1 TB,WIN,SSD,DDR5,INTEL CORE I7,15.6,NO,1 Y
535,19990.0,4 GB,128 GB,WIN,SSD,DDR4,INTEL CELERON DUAL CORE,14.1,NO,1 Y
536,38705.0,8 GB,512 GB,WIN,SSD,DDR4,RYZEN 5 QUAD CORE,15.6,NO,2 Y
537,85990.0,16 GB,1 TB,WIN,SSD,DDR4,RYZEN 7 OCTA CORE,15.6,NO,1 Y
538,33499.0,4 GB,1 TB,WIN,HDD,DDR4,INTEL CORE I3,15.6,NO,1 Y
539,42990.0,8 GB,512 GB,WIN,SSD,DDR4,INTEL CORE I5,15.6,NO,1 Y
540,35590.0,8 GB,512 GB,WIN,SSD,DDR4,RYZEN 3 DUAL CORE,15.6,NO,2 Y
541,150990.0,16 GB,1 TB,WIN,SSD,DDR4,RYZEN 9 OCTA CORE,15.6,NO,1 Y
542,63990.0,8 GB,512 GB,WIN,SSD,DDR4,INTEL CORE I5,15.6,NO,1 Y
543,124990.0,16 GB,1 TB,WIN,SSD,DDR4,INTEL CORE I9,15.6,NO,1 Y
544,21990.0,4 GB,64 GB,WIN,EMMC,DDR4,INTEL CELERON DUAL CORE,11.6,NO,1 Y
545,30100.0,4 GB,256 GB,WIN,SSD,DDR4,INTEL CELERON DUAL CORE,14.0,NO,1 Y
546,36990.0,8 GB,256 GB,WIN,SSD,DDR4,INTEL CORE I3,14.0,NO,2 Y
547,39990.0,8 GB,512 GB,WIN,SSD,DDR4,INTEL CORE I3,15.6,NO,2 Y
548,199990.0,32 GB,1 TB,WIN,SSD,DDR5,INTEL CORE I7,17.3,NO,1 Y
549,61130.0,8 GB,1 TB,WIN,SSD,DDR4,INTEL CORE I5,15.6,NO,1 Y
550,194990.0,16 GB,1 TB,WIN,SSD,DDR5,RYZEN 9 OCTA CORE,15.6,NO,1 Y
551,44990.0,8 GB,512 GB,WIN,SSD,DDR4,RYZEN 5 HEXA CORE,15.6,NO,2 Y
552,40990.0,8 GB,1 TB,WIN,SSD,DDR4,INTEL CORE I3,15.6,NO,1 Y
553,75990.0,8 GB,1 TB,WIN,SSD,DDR4,INTEL CORE I5,15.6,NO,1 Y
554,46890.0,8 GB,512 GB,WIN,SSD,DDR4,INTEL CORE I3,15.6,NO,1 Y
555,37390.0,8 GB,256 GB,WIN,SSD,DDR4,INTEL CORE I3,15.6,NO,1 Y
556,36990.0,8 GB,256 GB,WIN,SSD,DDR4,INTEL CORE I3,14.0,NO,2 Y
557,39990.0,8 GB,512 GB,WIN,SSD,DDR4,INTEL CORE I3,15.6,NO,2 Y
558,68490.0,16 GB,512 GB,WIN,SSD,DDR4,INTEL CORE I5,15.6,NO,1 Y
559,19990.0,4 GB,64 GB,WIN,EMMC,DDR4,INTEL CELERON DUAL CORE,11.6,NO,1 Y
560,39990.0,8 GB,512 GB,WIN,SSD,DDR4,INTEL CORE I5,15.6,NO,1 Y
561,196990.0,16 GB,1 TB,WIN,SSD,DDR5,RYZEN 9 OCTA CORE,15.6,NO,1 Y
562,89990.0,16 GB,512 GB,WIN,SSD,DDR4,INTEL CORE I7,14.0,NO,1 Y
563,59790.0,8 GB,512 GB,WIN,SSD,DDR4,INTEL CORE I5,15.6,NO,1 Y
564,125990.0,16 GB,1 TB,WIN,SSD,DDR4,INTEL CORE I9,15.6,NO,2 Y
565,249990.0,32 GB,2 TB,WIN,SSD,DDR5,RYZEN 7 OCTA CORE,16.0,NO,1 Y
566,38705.0,8 GB,512 GB,WIN,SSD,DDR4,RYZEN 5 QUAD CORE,15.6,NO,2 Y
567,85990.0,16 GB,1 TB,WIN,SSD,DDR4,RYZEN 7 OCTA CORE,15.6,NO,1 Y
568,149990.0,16 GB,1 TB,WIN,SSD,DDR5,RYZEN 7 OCTA CORE,15.6,NO,1 Y
569,36990.0,8 GB,256 GB,WIN,SSD,DDR4,INTEL PENTIUM QUAD CORE,15.6,NO,1 Y
570,35590.0,8 GB,512 GB,WIN,SSD,DDR4,RYZEN 3 DUAL CORE,15.6,NO,2 Y
571,150990.0,16 GB,1 TB,WIN,SSD,DDR4,RYZEN 9 OCTA CORE,15.6,NO,1 Y
572,85990.0,16 GB,512 GB,WIN,SSD,DDR4,INTEL CORE I5,15.6,NO,1 Y
573,60990.0,8 GB,512 GB,WIN,SSD,DDR4,RYZEN 7 OCTA CORE,14.0,NO,1 Y
574,87900.0,8 GB,512 GB,WIN,SSD,DDR5,INTEL CORE I5,15.6,NO,1 Y
575,27490.0,4 GB,1 TB,WIN,HDD,DDR4,AMD DUAL CORE,15.6,NO,1 Y
576,36990.0,8 GB,256 GB,WIN,SSD,DDR4,INTEL PENTIUM QUAD CORE,15.6,NO,1 Y
577,249990.0,32 GB,2 TB,WIN,SSD,DDR5,RYZEN 7 OCTA CORE,16.0,NO,1 Y
578,149990.0,16 GB,1 TB,WIN,SSD,DDR5,RYZEN 7 OCTA CORE,15.6,NO,1 Y
579,39990.0,8 GB,512 GB,WIN,SSD,DDR4,INTEL CORE I5,15.6,NO,1 Y
580,28999.0,8 GB,1 TB,WIN,HDD,DDR4,RYZEN 3 DUAL CORE,14.0,NO,1 Y
581,87900.0,8 GB,512 GB,WIN,SSD,DDR5,INTEL CORE I5,15.6,NO,1 Y
582,117990.0,16 GB,1 TB,WIN,SSD,DDR4,INTEL CORE I7,15.6,NO,1 Y
583,38705.0,8 GB,512 GB,WIN,SSD,DDR4,RYZEN 5 QUAD CORE,15.6,NO,2 Y
584,85990.0,16 GB,512 GB,WIN,SSD,DDR4,INTEL CORE I5,15.6,NO,1 Y
585,61497.0,8 GB,1 TB,WIN,SSD,DDR4,INTEL CORE I5,15.6,NO,1 Y
586,70400.0,8 GB,512 GB,WIN,SSD,DDR4,RYZEN 5 HEXA CORE,16.1,NO,1 Y
587,196990.0,16 GB,1 TB,WIN,SSD,DDR5,RYZEN 9 OCTA CORE,15.6,NO,1 Y
588,69000.0,16 GB,512 GB,WIN,SSD,DDR4,INTEL CORE I5,14.0,NO,1 Y
589,64490.0,8 GB,512 GB,WIN,SSD,DDR4,RYZEN 5 HEXA CORE,15.6,NO,1 Y
590,149990.0,16 GB,1 TB,WIN,SSD,DDR5,RYZEN 7 OCTA CORE,15.6,NO,1 Y
591,85990.0,16 GB,1 TB,WIN,SSD,DDR4,RYZEN 7 OCTA CORE,15.6,NO,1 Y
592,96579.0,8 GB,512 GB,WIN,SSD,DDR5,RYZEN 5 HEXA CORE,16.1,NO,1 Y
593,101990.0,16 GB,512 GB,WIN,SSD,DDR4,INTEL CORE I7,15.6,NO,1 Y
594,89990.0,16 GB,512 GB,WIN,SSD,DDR4,INTEL CORE I7,14.0,NO,1 Y
595,35590.0,8 GB,512 GB,WIN,SSD,DDR4,RYZEN 3 DUAL CORE,15.6,NO,2 Y
596,94990.0,8 GB,512 GB,WIN,SSD,DDR5,RYZEN 7 OCTA CORE,16.1,NO,1 Y
598,46900.0,8 GB,1 TB,WIN,SSD,DDR4,INTEL CORE I3,15.0,NO,2 M
599,150990.0,16 GB,1 TB,WIN,SSD,DDR4,RYZEN 9 OCTA CORE,15.6,NO,1 Y
600,36990.0,8 GB,256 GB,WIN,SSD,DDR4,INTEL CORE I3,14.0,NO,2 Y
601,39990.0,8 GB,512 GB,WIN,SSD,DDR4,INTEL CORE I3,15.6,NO,2 Y
603,116490.0,16 GB,1 TB,WIN,SSD,DDR5,INTEL CORE I7,15.6,NO,1 Y
604,64590.0,8 GB,512 GB,WIN,SSD,DDR4,RYZEN 3 HEXA CORE,15.6,NO,1 Y
605,137990.0,16 GB,1 TB,WIN,SSD,DDR5,INTEL CORE I7,15.6,NO,1 Y
606,39990.0,8 GB,512 GB,WIN,SSD,DDR4,INTEL CORE I5,15.6,NO,1 Y
607,196990.0,16 GB,1 TB,WIN,SSD,DDR5,RYZEN 9 OCTA CORE,15.6,NO,1 Y
608,55690.0,8 GB,512 GB,WIN,SSD,DDR4,INTEL CORE I5,14.0,NO,1 Y
609,109990.0,16 GB,512 GB,WIN,SSD,DDR4,INTEL CORE I7,15.6,NO,1 Y
610,38705.0,8 GB,512 GB,WIN,SSD,DDR4,RYZEN 5 QUAD CORE,15.6,NO,2 Y
611,85990.0,16 GB,1 TB,WIN,SSD,DDR4,RYZEN 7 OCTA CORE,15.6,NO,1 Y
612,79990.0,8 GB,1 TB,WIN,SSD,DDR4,INTEL CORE I7,15.6,NO,1 Y
613,130500.0,16 GB,1 TB,WIN,SSD,DDR4,RYZEN 9 OCTA CORE,16.0,NO,1 Y
615,211990.0,16 GB,1 TB,WIN,SSD,DDR5,RYZEN 9 OCTA CORE,16.0,YES,1 Y
616,35590.0,8 GB,512 GB,WIN,SSD,DDR4,RYZEN 3 DUAL CORE,15.6,NO,2 Y
617,150990.0,16 GB,1 TB,WIN,SSD,DDR4,RYZEN 9 OCTA CORE,15.6,NO,1 Y
618,39890.0,4 GB,256 GB,WIN,SSD,DDR4,INTEL CORE I3,15.0,NO,1 Y
619,139990.0,16 GB,1 TB,WIN,SSD,DDR4,INTEL CORE I7,15.6,NO,2 Y
620,73490.0,8 GB,512 GB,WIN,SSD,DDR4,RYZEN 7 OCTA CORE,15.6,NO,1 Y
621,194990.0,16 GB,1 TB,WIN,SSD,DDR5,RYZEN 9 OCTA CORE,15.6,NO,1 Y
622,99990.0,16 GB,1 TB,WIN,SSD,DDR4,INTEL CORE I7,15.6,NO,2 Y
623,66700.0,16 GB,512 GB,WIN,SSD,DDR4,INTEL CORE I5,14.0,NO,1 Y
624,68990.0,8 GB,1 TB,WIN,SSD,DDR4,INTEL CORE I5,15.6,NO,1 Y
626,36990.0,8 GB,256 GB,WIN,SSD,DDR4,INTEL CORE I3,14.0,NO,2 Y
627,39990.0,8 GB,512 GB,WIN,SSD,DDR4,INTEL CORE I3,15.6,NO,2 Y
629,105822.0,16 GB,512 GB,WIN,SSD,DDR4,INTEL CORE I7,15.6,NO,1 Y
630,39990.0,8 GB,512 GB,WIN,SSD,DDR4,INTEL CORE I5,15.6,NO,1 Y
631,196990.0,16 GB,1 TB,WIN,SSD,DDR5,RYZEN 9 OCTA CORE,15.6,NO,1 Y
632,28490.0,4 GB,128 GB,CHROME OS,EMMC,DDR4,INTEL CELERON DUAL CORE,11.6,YES,1 Y
633,66990.0,16 GB,512 GB,WIN,SSD,DDR4,INTEL CORE I5,15.6,NO,1 Y
634,86999.0,8 GB,512 GB,WIN,SSD,DDR4,INTEL CORE I5,15.6,NO,1 Y
635,36990.0,8 GB,256 GB,WIN,SSD,DDR4,INTEL CORE I3,15.6,NO,1 Y
636,38705.0,8 GB,512 GB,WIN,SSD,DDR4,RYZEN 5 QUAD CORE,15.6,NO,2 Y
637,85990.0,16 GB,1 TB,WIN,SSD,DDR4,RYZEN 7 OCTA CORE,15.6,NO,1 Y
638,23250.0,4 GB,256 GB,WIN,SSD,DDR4,INTEL CELERON DUAL CORE,11.6,NO,1 Y
639,42390.0,8 GB,256 GB,WIN,SSD,DDR4,INTEL CORE I3,14.0,NO,1 Y
640,35590.0,8 GB,512 GB,WIN,SSD,DDR4,RYZEN 3 DUAL CORE,15.6,NO,2 Y
641,150990.0,16 GB,1 TB,WIN,SSD,DDR4,RYZEN 9 OCTA CORE,15.6,NO,1 Y
642,58990.0,8 GB,512 GB,WIN,SSD,DDR4,INTEL CORE I5,14.0,NO,1 Y
643,110990.0,16 GB,1 TB,WIN,SSD,DDR4,INTEL CORE I7,15.6,YES,1 Y
644,74590.0,8 GB,1 TB,WIN,SSD,DDR4,INTEL CORE I5,15.6,NO,1 Y
645,71990.0,8 GB,512 GB,WIN,SSD,DDR4,RYZEN 5 HEXA CORE,15.6,NO,1 Y
646,194990.0,16 GB,1 TB,WIN,SSD,DDR5,RYZEN 9 OCTA CORE,15.6,NO,1 Y
647,44990.0,8 GB,512 GB,WIN,SSD,DDR4,RYZEN 5 HEXA CORE,15.6,NO,2 Y
648,84990.0,16 GB,512 GB,WIN,SSD,DDR4,INTEL CORE I5,14.0,YES,1 Y
649,119990.0,16 GB,1 TB,WIN,SSD,DDR5,RYZEN 7 OCTA CORE,13.3,YES,1 Y
650,36990.0,8 GB,256 GB,WIN,SSD,DDR4,INTEL CORE I3,14.0,NO,2 Y
651,39990.0,8 GB,512 GB,WIN,SSD,DDR4,INTEL CORE I3,15.6,NO,2 Y
652,214990.0,32 GB,1 TB,WIN,SSD,DDR4,INTEL CORE I7,15.6,NO,2 Y
653,48790.0,8 GB,512 GB,WIN,SSD,DDR4,INTEL CORE I3,14.0,NO,1 Y
654,76000.0,16 GB,512 GB,WIN,SSD,DDR4,RYZEN 7 OCTA CORE,16.0,NO,1 Y
655,224990.0,32 GB,1 TB,WIN,SSD,DDR4,RYZEN 9 OCTA CORE,13.4,YES,1 Y
656,39990.0,8 GB,512 GB,WIN,SSD,DDR4,INTEL CORE I5,15.6,NO,1 Y
657,196990.0,16 GB,1 TB,WIN,SSD,DDR5,RYZEN 9 OCTA CORE,15.6,NO,1 Y
658,49990.0,8 GB,512 GB,WIN,SSD,DDR4,INTEL CORE I3,15.6,NO,1 Y
659,164990.0,16 GB,512 GB,WIN,SSD,DDR5,INTEL CORE I7,13.4,YES,1 Y
660,38705.0,8 GB,512 GB,WIN,SSD,DDR4,RYZEN 5 QUAD CORE,15.6,NO,2 Y
661,85990.0,16 GB,1 TB,WIN,SSD,DDR4,RYZEN 7 OCTA CORE,15.6,NO,1 Y
662,31490.0,8 GB,256 GB,WIN,SSD,DDR4,RYZEN 3 DUAL CORE,15.6,NO,1 Y
663,48077.0,8 GB,512 GB,WIN,SSD,DDR4,INTEL CORE I3,15.6,NO,1 Y
664,154990.0,16 GB,1 TB,WIN,SSD,DDR4,RYZEN 9 OCTA CORE,15.6,NO,1 Y
665,224990.0,32 GB,1 TB,WIN,SSD,DDR4,INTEL CORE I7,15.6,YES,1 Y
666,35590.0,8 GB,512 GB,WIN,SSD,DDR4,RYZEN 3 DUAL CORE,15.6,NO,2 Y
667,150990.0,16 GB,1 TB,WIN,SSD,DDR4,RYZEN 9 OCTA CORE,15.6,NO,1 Y
668,44990.0,8 GB,1 TB,WIN,HDD,DDR4,INTEL CORE I5,15.6,NO,1 Y
669,65990.0,8 GB,512 GB,WIN,SSD,DDR4,INTEL CORE I5,15.6,NO,1 Y
670,73490.0,8 GB,512 GB,WIN,SSD,DDR4,RYZEN 7 OCTA CORE,15.6,NO,1 Y
671,194990.0,16 GB,1 TB,WIN,SSD,DDR5,RYZEN 9 OCTA CORE,15.6,NO,1 Y
672,31990.0,8 GB,1 TB,WIN,HDD,DDR4,INTEL CORE I3,14.1,NO,1 Y
673,38980.0,8 GB,256 GB,WIN,SSD,DDR4,INTEL CORE I3,14.0,NO,2 Y
674,68990.0,8 GB,512 GB,WIN,SSD,DDR4,RYZEN 5 HEXA CORE,15.6,NO,1 Y
675,43090.0,8 GB,256 GB,WIN,SSD,DDR4,INTEL CORE I3,15.6,NO,1 Y
676,39990.0,8 GB,512 GB,WIN,SSD,DDR4,INTEL CORE I3,15.6,NO,2 Y
677,39990.0,8 GB,512 GB,WIN,SSD,DDR4,INTEL CORE I5,15.6,NO,1 Y
678,154990.0,16 GB,1 TB,WIN,SSD,DDR4,RYZEN 9 OCTA CORE,15.6,NO,1 Y
679,65990.0,8 GB,512 GB,WIN,SSD,DDR4,INTEL CORE I5,15.6,NO,1 Y
680,196990.0,16 GB,1 TB,WIN,SSD,DDR5,RYZEN 9 OCTA CORE,15.6,NO,1 Y
681,38705.0,8 GB,512 GB,WIN,SSD,DDR4,RYZEN 5 QUAD CORE,15.6,NO,2 Y
682,49348.0,8 GB,512 GB,WIN,SSD,DDR4,INTEL CORE I3,15.6,NO,1 Y
683,221774.0,16 GB,512 GB,WIN,SSD,DDR5,INTEL CORE I7,15.6,NO,1 Y
684,73990.0,8 GB,512 GB,WIN,SSD,DDR4,RYZEN 5 HEXA CORE,15.6,NO,1 Y
685,77990.0,16 GB,512 GB,WIN,SSD,DDR4,RYZEN 7 OCTA CORE,16.0,NO,1 Y
686,85990.0,16 GB,1 TB,WIN,SSD,DDR4,RYZEN 7 OCTA CORE,15.6,NO,1 Y
687,35590.0,8 GB,512 GB,WIN,SSD,DDR4,RYZEN 3 DUAL CORE,15.6,NO,2 Y
688,214790.0,16 GB,1 TB,WIN,SSD,DDR4,INTEL CORE I7,15.6,NO,1 Y
689,199990.0,16 GB,512 GB,WIN,SSD,DDR4,INTEL CORE I7,15.6,NO,1 Y
690,150990.0,16 GB,1 TB,WIN,SSD,DDR4,RYZEN 9 OCTA CORE,15.6,NO,1 Y
691,36990.0,8 GB,256 GB,WIN,SSD,DDR4,INTEL CORE I3,14.0,NO,2 Y
692,48077.0,8 GB,512 GB,WIN,SSD,DDR4,INTEL CORE I3,15.6,NO,1 Y
693,52414.0,8 GB,512 GB,WIN,SSD,DDR4,RYZEN 5 HEXA CORE,14.0,NO,1 Y
694,179990.0,16 GB,1 TB,WIN,SSD,DDR5,INTEL CORE I7,16.0,NO,1 Y
695,25990.0,4 GB,64 GB,CHROME OS,EMMC,DDR4,INTEL CELERON DUAL CORE,14.0,YES,1 Y
696,36990.0,8 GB,256 GB,WIN,SSD,DDR4,INTEL CORE I3,14.0,NO,2 Y
697,39990.0,8 GB,512 GB,WIN,SSD,DDR4,INTEL CORE I3,15.6,NO,2 Y
698,80615.0,16 GB,512 GB,WIN,SSD,DDR4,INTEL CORE I5,14.0,YES,1 Y
699,155990.0,16 GB,1 TB,WIN,SSD,DDR5,RYZEN 7 OCTA CORE,15.6,NO,1 Y
700,39990.0,8 GB,512 GB,WIN,SSD,DDR4,INTEL CORE I5,15.6,NO,1 Y
701,196990.0,16 GB,1 TB,WIN,SSD,DDR5,RYZEN 9 OCTA CORE,15.6,NO,1 Y
702,49990.0,16 GB,512 GB,WIN,SSD,DDR4,INTEL CORE I7,14.0,NO,1 Y
703,157990.0,16 GB,1 TB,WIN,SSD,DDR4,INTEL CORE I7,16.0,NO,1 Y
704,92990.0,16 GB,512 GB,WIN,SSD,DDR5,INTEL CORE I5,15.6,NO,1 Y
705,171990.0,16 GB,1 TB,WIN,SSD,DDR5,RYZEN 7 OCTA CORE,16.0,YES,1 Y
706,38705.0,8 GB,512 GB,WIN,SSD,DDR4,RYZEN 5 QUAD CORE,15.6,NO,2 Y
707,85990.0,16 GB,1 TB,WIN,SSD,DDR4,RYZEN 7 OCTA CORE,15.6,NO,1 Y
708,44990.0,8 GB,1 TB,WIN,HDD,DDR4,INTEL CORE I5,15.6,NO,1 Y
709,151990.0,16 GB,1 TB,WIN,SSD,DDR5,RYZEN 9 OCTA CORE,13.4,YES,1 Y
710,35590.0,8 GB,512 GB,WIN,SSD,DDR4,RYZEN 3 DUAL CORE,15.6,NO,2 Y
711,150990.0,16 GB,1 TB,WIN,SSD,DDR4,RYZEN 9 OCTA CORE,15.6,NO,1 Y
713,76590.0,16 GB,512 GB,WIN,SSD,DDR5,INTEL CORE I5,13.3,NO,1 Y
714,90000.0,16 GB,512 GB,WIN,SSD,DDR4,RYZEN 7 OCTA CORE,15.6,NO,1 Y
715,23490.0,4 GB,64 GB,CHROME OS,EMMC,DDR4,INTEL CELERON DUAL CORE,11.6,YES,1 Y
716,73490.0,8 GB,512 GB,WIN,SSD,DDR4,RYZEN 7 OCTA CORE,15.6,NO,1 Y
717,194990.0,16 GB,1 TB,WIN,SSD,DDR5,RYZEN 9 OCTA CORE,15.6,NO,1 Y
718,125990.0,16 GB,512 GB,WIN,SSD,DDR5,INTEL CORE I7,14.0,YES,1 Y
719,50990.0,8 GB,1 TB,WIN,SSD,DDR4,INTEL CORE I5,15.6,NO,1 Y
